{
  "cars": [
    { "brand": "Tesla", "price": 100000, "carname": "Model S", "buildyear": "2021", "type": "Sedan ", "hp": "420", "img": "./carimages/TModelS.jpg"},
    { "brand": "Tesla", "price": 130000, "carname": "Model S Plaid", "buildyear": "2021", "type": "Sport", "hp": "1020", "img": "./carimages/TModelSPlaid.jpg"},
    { "brand": "Tesla", "price": 50000, "carname": "Model 3", "buildyear": "2021", "type": "Sedan", "hp": "300", "img": "./carimages/TModel3.jpg" },
    { "brand": "Tesla", "price": 57000, "carname": "Model 3 Long Range", "buildyear": "2021", "type": "Sedan", "hp": "250", "img": "./carimages/TModel3longrange.jpg"},
    { "brand": "Tesla", "price": 63000, "carname": "Model 3 Performance", "buildyear": "2021", "type": "Sedan", "hp": "350", "img": "./carimages/TModel3performance.jpg"},
    { "brand": "Tesla", "price": 114000, "carname": "Model X", "buildyear": "2021", "type": "SUV", "hp": "750", "img": "./carimages/TModelx.jpg"},
    { "brand": "Tesla", "price": 119000, "carname": "Model X Plaid", "buildyear": "2021", "type": "SUV", "hp": "1020", "img": "./carimages/TModelxplaid.jpg"},
    { "brand": "Tesla", "price": 63000, "carname": "Model Y Long Range", "buildyear": "2021", "type": "SUV", "hp": "250", "img": "./carimages/TModelY.jpg"},
    { "brand": "Tesla", "price": 70000, "carname": "Model Y Performance", "buildyear": "2021", "type": "SUV", "hp": "300", "img": "./carimages/TModelY.jpg"},
    { "brand": "Volkswagen", "price": 33700, "carname": "ID3", "buildyear": "2021", "type": "Compact", "hp": "200", "img": "./carimages/VWID3.jpg"},
    { "brand": "Volkswagen", "price": 49950, "carname": "ID4", "buildyear": "2020 ", "type": "SUV", "hp": "302", "img": "./carimages/VWID4.jpg"},
    { "brand": "Volkswagen", "price": 45000, "carname": "IDBuzz", "buildyear": "2022", "type": "Minivan", "hp": "268", "img": "./carimages/VWIDbuzz.jpg"},
    { "brand": "BMW", "price": 77300, "carname": "IX", "buildyear": "2021", "type": "SUV", "hp": "322", "img": "./carimages/BMWix.jpg"},
    { "brand": "BMW", "price": 70000, "carname": "IX3", "buildyear": "2020", "type": "SUV", "hp": "280", "img": "./carimages/BMWix3.jpg"},
    { "brand": "BMW", "price": 34950, "carname": "I3", "buildyear": "2019", "type": "Hatchback", "hp": "170", "img": "./carimages/BMWi3.jpg"},
    { "brand": "BMW", "price": 51905, "carname": "I4", "buildyear": "2021", "type": "Sedan", "hp": "335", "img": "./carimages/BMWi4.jpg"}
  ]
}